<publishData>
  <publishTarget publishUrl="\\rnsers\SunriverWebApp\">
    <file relUrl="Calendar.aspx" publishTime="05/10/2014 14:02:35" />
    <file relUrl="Map.aspx" publishTime="05/10/2014 14:07:30" />
    <file relUrl="Update.aspx" publishTime="05/10/2014 14:18:23" />
    <file relUrl="Welcome.aspx" publishTime="05/10/2014 14:15:49" />
    <file relUrl="bin/SunriverWebApp.pdb" publishTime="05/10/2014 15:02:22" />
    <file relUrl="Activity.aspx" publishTime="05/10/2014 06:43:10" />
    <file relUrl="Alert.aspx" publishTime="05/10/2014 14:10:32" />
    <file relUrl="Default.aspx" publishTime="05/09/2014 04:30:33" />
    <file relUrl="Services.aspx" publishTime="05/10/2014 14:20:37" />
    <file relUrl="bin/SunriverWebApp.dll" publishTime="05/10/2014 15:02:22" />
    <file relUrl="Test.htm" publishTime="05/10/2014 15:03:09" />
    <file relUrl="Web.config" publishTime="05/09/2014 21:04:51" />
    <file relUrl="js/jquery.js" publishTime="05/07/2014 08:32:19" />
    <file relUrl="FindCountyAddress.aspx" publishTime="05/10/2014 14:30:40" />
  </publishTarget>
</publishData>